MemberID,Firstname,Surname,Email,Password
1,Sara,Bibi,wnw@mailstore.co.uk,9ssy^
2,Danny,Judd,soy@mailstore.co.uk,9obx$
3,Cara,Lichfield,afs@coldmail.com,5tsd!
4,Abeni,Barmore,mzx@coldmail.co.uk,0tzl$
5,Baki,Kaatz,zrr@mysite.co.uk,3yzg!
6,Cadewyn,Ferland,yzw@mail.co.uk,1cav£
7,Lainey,Dauphinee,wco@coldmail.co.uk,8ezt@
8,Nadim,Abe,ydf@coldmail.co.uk,2ymt£
9,Penda,Windy,rjc@mysite.co.uk,6ryk^
10,Abie,Barna,kyv@mailstore.co.uk,8pgj£
11,Ballari,Kaba,itf@mailservice.co.uk,3yqj$
12,Caerwyn,Ferlazzo,lya@email.co.uk,7qss!
13,Lakeithia,Daus,jlc@mailservice.co.uk,0jyu$
14,Nafisa,Abebe,orv@me.co.uk,5qll@
15,Penney,Winema,kyb@me.co.uk,5iwl^
16,Abiyram,Barnaba,stb@mailstore.co.uk,1gqb@
17,Ban,Kabacinski,jlj@me.co.uk,2ybt!
18,Cagney,Ferlita,cpl@mailservice.co.uk,9twj@
19,Lakin,Dausch,bpe@myemail.com,1zeo@
20,Nagisa,Abed,oon@mailstore.co.uk,3lyq$
21,Peony,Winifred,khc@mail.co.uk,2lsu$
22,Abram,Barnaby,krv@mailservice.com,3ajh!
23,Bane,Kabat,fdy@me.co.uk,7hlq£
24,Cailyn,Ferlito,nvx@mysite.co.uk,0dxy@
25,Lala,Dausman,trx@mailservice.com,1tfs$
26,Nahuel,Abee,cin@mailservice.co.uk,3lid@
27,Percy,Winn,nlf@me.com,6tkt£
28,Abraham,Barnhard,inw@email.com,8odt!
29,Bandit,Kaczanowski,hun@email.co.uk,9vti$
30,Cailean,Ferner,zyi@myemail.co.uk,4pil$
31,Lakyle,Davern,zvx@mailstore.co.uk,9mle!
32,Nahuatl,Abels,ler@coldmail.com,3gae!
33,Percival,Wrenn,ipg@mailstore.co.uk,2cdh!
34,Abra,Barnosky,fit@mailservice.co.uk,3kwn£
35,Bandele,Kadar,dtt@mysite.com,7sku$
36,Caia,Ferraioli,kbh@mysite.com,4soo£
37,Lakshmi,Davidoff,drj@me.com,1qtl$
38,Nahla,Abernethy,raf@mailstore.co.uk,0vdz^
39,Pepper,Wynnie,kte@coldmail.co.uk,4dpm$
40,Abner,Barnthouse,pyi@coldmail.com,6igh!
41,Bandana,Kadel,hho@mail.co.uk,8svw@
42,Cai,Ferraiuolo,hzn@coldmail.co.uk,2ert!
43,Laksha,Davidovich,xsz@coldmail.com,7mpp$
44,Nahilla,Abeyta,cmx@mysite.com,0qtg^
45,Pepin,Wynonah,efg@me.com,1hdx@
46,Abla,Baroni,snx@email.co.uk,7kua£
47,Banagher,Kadinger,rno@mail.co.uk,2oco£
48,Cahya,Ferranti,zsf@coldmail.co.uk,4axs@
49,Lakota,Davies,foh@mail.com,5wue^
50,Rebecca,Franks,gjp@coldmail.co.uk,2rbv^
51,George,Boukeas,dtc@email.com,5dwz^
52,Allen,Heard,col@mailstore.com,6ldd£
53,Ben,Garside,oek@myemail.co.uk,7dqw£
54,Mac,Bowley,mdr@mysite.com,3wru£
55,Alex,Parry,wln@email.com,9kpa@
56,James,West,jwest@west.com,Ab@cwerts
57,Anna,Cline,acline@cl.com,Awwwee@
